164.306,1,2,3
164.306(a),1,2
164.308(a)(1)(i),1,2,2,6,8
164.308(a)(1)(ii)(A),1,2,3,6,7,9,10,11,4,5
164.308(a)(1)(ii)(B),1,2,4,5
164.308(a)(1)(ii)(C),6,7
164.308(a)(1)(ii)(D),1,2,3,6,7,8,10,6,7,11
164.308(a)(2),6,10,1,2,3
164.308(a)(3)(i),1,2,6,7,8,6,7,8,9,10
164.308(a)(3)(ii)(A),6,7,8,10,6,7,8,9,10
164.308(a)(3)(ii)(B),6,7,8,10
164.308(a)(3)(ii)(C),6,7,6,7,8
164.308(a)(4)(i),6,7,6,7,8,9,10
164.308(a)(4)(ii)(A),6,7,8,10,1,2,3,9,10,11,1,4,5,6,7,8
164.308(a)(4)(ii)(B),9,10,11,6,7,8,6,7,8,9,10
164.308(a)(4)(ii)(C),6,7,8,6,7,8,9,10,6,7,8,10
164.308(a)(5)(i),3,6
164.308(a)(5)(ii),6,7,11
164.308(a)(5)(ii)(A),3,6
164.308(a)(5)(ii)(B),4,5,4,5
164.308(a)(5)(ii)(C),1,2,3,11,6,7,8,10,6,7,8,9
164.308(a)(5)(ii)(D),5,6,7,6,7,8,9,1,2,3,4,5,9,10,11
164.308(a)(6)(i),2,6,8
164.308(a)(7)(i),1,2,3,1,2,3
164.308(a)(7)(ii)(A),11
164.308(a)(7)(ii)(B),1,2,3
164.308(a)(7)(ii)(C),1,2,3
164.308(a)(7)(ii)(D),1,2,3,11
164.308(a)(7)(ii)(E),1,2,3,1,2,3
164.308(a)(8),1,2,3,1,2,3,6,7,9,10,11
164.308(b)(1),1,4,5,6,7,8,1,2,3
164.308(b)(2),1,4,5,6,7,8
164.308(b)(3),1,4,5,6,7,8
164.310(a)(1),1,2,3,5,6,7
164.310(a)(2),2,5,11
164.310(a)(2)(i),1,2,3
164.310(a)(2)(ii),1,2,3,1,2,3,5
164.310(b),1,2,3,5,1,2,3
164.310(c),1,2,3,4,5,11,1,2,3,5
164.310(d)(1),4,5,11,6,7
164.310(d)(2),11
164.310(d)(2)(i),4,5,11,11
164.310(d)(2)(ii),11
164.310(d)(2)(iii),6,7,8
164.312(a)(1),6,7,8,6,7,8,9,10
164.312(a)(2),9,10,11,4,5,9,10,11
164.312(a)(2)(i),6,7,8,9
164.312(a)(2)(ii),1,2,3,6,7,8
164.312(a)(2)(iii),6,7,8,9
164.312(b),1,2,3,1,2,3,11,6,7,8,10,6,7,11
164.312(c)(1),1,9,11,1,4,5,6,7,8
164.312(c)(2),1,9,11
164.312(d),6,7,8,9
164.312(e)(1),4,5,9,10,11,9,10,11,4,5,9,10,11,1,2,3,4,5,9,10,11
164.312(e)(2)(i),1,2,4,5,11,1,9,11,4,5,9,10,11,1,4,5,6,7,8
164.312(e)(2)(ii),4,5,9,10,11,1,2,3,4,5,9,10,11,1,2,3,4,5,9,10,11,1,4,5,6,7,8
164.314(a)(2)(i),1,4,5,6,7,8
164.314(a)(2)(i)(A),1,4,5,6,7,8
164.314(a)(2)(i)(B),1,4,5,6,7,8
164.314(a)(2)(i)(C),1,4,5,6,7,8
164.314(a)(2)(ii),1,4,5,6,7,8
164.314(b)(1),1,4,5,6,7,8
164.314(b)(2),1,4,5,6,7,8
164.316(a),1,2,3
164.316(b)(1)(i),1,2,1,2,3
164.316(b)(2)(i),11
164.316(b)(2)(ii),3,6,1,2,3
164.316(b)(2)(iii),3,6,1,2,3
